"Date","Price","Open","High","Low","Vol.","Change %"
"02/22/2024","143.75","135.75","145.00","135.75","965.87K","5.31%"
"02/21/2024","136.50","138.00","138.50","135.00","21.05K","-0.55%"
"02/20/2024","137.25","139.00","139.75","137.00","168.74K","-1.08%"
"02/19/2024","138.75","134.50","139.00","134.50","379.61K","2.40%"
"02/16/2024","135.50","133.00","135.50","132.50","709.52K","1.88%"
"02/15/2024","133.00","133.00","133.50","132.50","264.48K","0.00%"
"02/14/2024","133.00","134.00","134.00","132.50","58.95K","0.00%"
"02/13/2024","133.00","132.25","136.50","132.25","231.31K","-1.12%"
"02/12/2024","134.50","130.00","135.00","129.00","712.45K","2.67%"
"02/09/2024","131.00","130.00","131.00","129.00","538.24K","0.77%"
"02/08/2024","130.00","129.50","131.00","129.50","374.25K","0.39%"
"02/07/2024","129.50","130.00","132.00","129.00","191.30K","-0.38%"
"02/06/2024","130.00","130.50","132.00","129.50","280.66K","-1.14%"
"02/02/2024","131.50","130.50","132.25","129.75","487.32K","0.57%"
"02/01/2024","130.75","130.50","132.25","130.00","234.13K","-0.19%"
"01/31/2024","131.00","132.50","132.50","130.50","236.54K","-1.50%"
"01/30/2024","133.00","131.00","134.50","131.00","382.26K","0.76%"
"01/29/2024","132.00","131.25","132.00","128.75","659.08K","-0.75%"
"01/26/2024","133.00","133.00","135.50","131.00","239.18K","0.00%"
"01/24/2024","133.00","135.00","135.00","132.75","313.31K","-0.75%"
"01/23/2024","134.00","136.00","136.00","133.00","191.79K","-1.11%"
"01/22/2024","135.50","137.00","138.75","135.50","120.46K","-1.28%"
"01/19/2024","137.25","139.00","139.50","137.00","132.00K","-0.54%"
"01/18/2024","138.00","138.00","140.00","137.00","116.46K","-0.54%"
"01/17/2024","138.75","142.00","142.00","136.50","278.58K","-1.60%"
"01/16/2024","141.00","143.00","144.00","140.25","159.87K","-0.88%"
"01/12/2024","142.25","140.50","143.00","140.50","213.96K","0.35%"
"01/11/2024","141.75","141.25","143.00","141.00","79.26K","-0.18%"
"01/10/2024","142.00","144.00","144.00","141.50","20.14K","-1.39%"
"01/09/2024","144.00","145.00","145.00","142.50","51.67K","-0.69%"
"01/08/2024","145.00","143.00","147.25","142.25","524.98K","1.75%"
"01/05/2024","142.50","142.00","144.00","140.25","222.84K","0.35%"
"01/04/2024","142.00","139.75","142.00","139.00","224.01K","1.61%"
"01/03/2024","139.75","142.00","143.00","139.75","170.37K","-1.06%"
"01/02/2024","141.25","144.00","144.00","141.00","202.75K","-1.57%"
"12/29/2023","143.50","143.00","144.00","142.50","293.76K","0.35%"
"12/28/2023","143.00","143.00","144.00","141.50","107.25K","0.00%"
"12/27/2023","143.00","146.50","146.50","143.00","149.38K","0.00%"
"12/22/2023","143.00","141.50","145.25","141.00","334.00K","1.42%"
"12/21/2023","141.00","141.00","141.00","139.00","202.09K","1.44%"
"12/20/2023","139.00","139.75","141.75","138.00","339.86K","0.54%"
"12/19/2023","138.25","136.00","139.75","136.00","317.73K","0.00%"
"12/18/2023","138.25","140.00","140.00","135.00","298.54K","-1.25%"
"12/15/2023","140.00","144.00","145.75","140.00","347.72K","-2.78%"
"12/14/2023","144.00","146.00","146.00","143.50","101.02K","-1.87%"
"12/13/2023","146.75","146.00","147.00","143.00","525.85K","1.21%"
"12/12/2023","145.00","151.75","152.00","142.25","600.43K","-3.97%"
"12/11/2023","151.00","140.75","151.25","139.50","1.19M","7.09%"
"12/08/2023","141.00","135.50","142.00","135.00","1.49M","4.25%"
"12/07/2023","135.25","132.00","135.25","131.25","352.72K","2.27%"
"12/06/2023","132.25","131.50","133.00","131.00","326.14K","0.38%"
"12/05/2023","131.75","132.00","132.00","130.25","334.68K","-0.19%"
"12/04/2023","132.00","132.00","134.50","130.50","73.82K","-0.56%"
"12/01/2023","132.75","130.50","133.00","130.25","361.16K","1.34%"
"11/30/2023","131.00","131.50","131.75","130.00","1.66M","-0.57%"
"11/29/2023","131.75","127.25","132.00","127.25","897.23K","3.54%"
"11/28/2023","127.25","129.00","130.00","127.00","435.37K","-1.55%"
"11/27/2023","129.25","127.00","129.50","127.00","368.41K","0.19%"
"11/24/2023","129.00","130.00","130.00","127.00","154.96K","-0.77%"
"11/23/2023","130.00","127.00","130.00","127.00","64.28K","0.00%"
"11/22/2023","130.00","127.00","130.00","126.75","32.87K","0.78%"
"11/21/2023","129.00","131.00","131.00","126.00","41.72K","-0.77%"
"11/20/2023","130.00","132.00","132.00","130.00","179.99K","-1.89%"
"11/17/2023","132.50","132.75","133.00","130.00","15.03K","1.73%"
"11/16/2023","130.25","130.25","133.50","130.00","439.03K","-0.95%"
"11/15/2023","131.50","131.00","133.00","130.00","1.82M","1.15%"
"11/14/2023","130.00","130.00","131.00","130.00","139.98K","-0.38%"
"11/13/2023","130.50","130.00","131.00","130.00","90.03K","0.38%"
"11/10/2023","130.00","130.50","131.00","130.00","121.89K","-0.38%"
"11/09/2023","130.50","131.00","132.00","129.00","1.34M","-0.38%"
"11/08/2023","131.00","133.00","133.00","130.00","103.71K","-0.38%"
"11/07/2023","131.50","132.50","132.50","129.75","1.41M","-0.75%"
"11/06/2023","132.50","128.50","135.00","128.50","66.81K","1.15%"
"11/03/2023","131.00","131.00","132.00","130.00","174.51K","-0.76%"
"11/02/2023","132.00","129.00","136.00","128.50","769.68K","2.52%"
"11/01/2023","128.75","126.00","129.25","126.00","100.69K","0.98%"
"10/31/2023","127.50","129.25","129.25","126.00","107.52K","-0.39%"
"10/30/2023","128.00","125.25","129.00","125.25","220.69K","0.39%"
"10/27/2023","127.50","126.00","131.00","125.00","314.90K","1.39%"
"10/26/2023","125.75","126.75","126.75","124.50","214.79K","-0.98%"
"10/25/2023","127.00","126.25","127.00","124.00","101.48K","0.59%"
"10/24/2023","126.25","126.75","126.75","125.00","70.10K","-0.39%"
"10/23/2023","126.75","127.00","127.00","126.00","142.04K","0.20%"
"10/20/2023","126.50","126.00","127.75","125.00","108.51K","0.60%"
"10/19/2023","125.75","127.00","129.00","120.00","294.81K","-1.57%"
"10/18/2023","127.75","128.50","130.00","127.00","24.30K","-1.92%"
"10/17/2023","130.25","130.00","130.50","128.00","370.59K","-0.57%"
"10/16/2023","131.00","130.00","131.00","128.50","204.10K","0.38%"
"10/13/2023","130.50","130.00","131.00","126.00","119.94K","1.56%"
"10/12/2023","128.50","125.00","130.00","123.00","68.32K","2.80%"
"10/11/2023","125.00","124.00","126.00","124.00","469.83K","0.00%"
"10/10/2023","125.00","124.50","129.00","124.50","78.92K","0.40%"
"10/09/2023","124.50","130.00","130.00","122.50","344.69K","-4.23%"
"10/06/2023","130.00","130.00","130.75","129.50","87.61K","0.00%"
"10/05/2023","130.00","132.00","132.75","129.25","127.35K","-0.95%"
"10/04/2023","131.25","130.00","135.00","130.00","23.62K","-0.57%"
"10/03/2023","132.00","135.00","135.00","130.00","172.56K","-2.22%"
"10/02/2023","135.00","135.50","136.75","134.25","54.54K","-0.74%"
"09/27/2023","136.00","135.00","137.00","135.00","35.89K","-0.37%"
"09/26/2023","136.50","135.25","138.00","135.00","177.39K","-1.09%"
"09/25/2023","138.00","140.00","140.00","136.00","36.41K","-0.36%"
"09/22/2023","138.50","138.50","140.00","138.00","87.16K","-0.18%"
"09/21/2023","138.75","138.25","140.00","137.00","56.68K","0.18%"
"09/20/2023","138.50","139.50","142.25","138.00","163.53K","-1.07%"
"09/19/2023","140.00","141.00","141.75","139.25","126.95K","-0.71%"
"09/18/2023","141.00","141.75","141.75","139.50","290.73K","-0.53%"
"09/15/2023","141.75","141.50","144.50","140.25","310.64K","0.18%"
"09/14/2023","141.50","139.25","142.00","139.00","202.55K","1.62%"
"09/13/2023","139.25","138.50","140.25","138.50","134.38K","0.00%"
"09/12/2023","139.25","139.00","140.25","138.00","134.50K","-0.54%"
"09/11/2023","140.00","142.50","142.50","138.50","107.11K","-1.58%"
"09/08/2023","142.25","138.00","142.75","138.00","125.58K","2.15%"
"09/07/2023","139.25","140.00","140.00","138.00","58.37K","-0.36%"
"09/06/2023","139.75","140.00","140.00","138.00","153.97K","-0.18%"
"09/05/2023","140.00","141.00","141.00","139.00","130.65K","-0.71%"
"09/04/2023","141.00","139.00","142.00","136.50","257.45K","2.36%"
"09/01/2023","137.75","137.75","139.25","137.50","24.87K","-0.90%"
"08/31/2023","139.00","137.00","139.75","136.25","82.43K","1.46%"
"08/29/2023","137.00","136.50","137.50","135.75","95.67K","0.55%"
"08/28/2023","136.25","138.75","139.00","136.00","133.72K","-1.98%"
"08/25/2023","139.00","138.75","140.00","138.00","152.59K","0.00%"
"08/24/2023","139.00","141.00","143.75","138.75","147.28K","-0.71%"
"08/23/2023","140.00","139.00","142.50","139.00","131.53K","0.00%"
"08/22/2023","140.00","141.75","142.00","139.00","323.19K","-1.41%"
"08/21/2023","142.00","146.00","146.50","140.75","211.94K","-3.73%"
"08/18/2023","147.50","147.50","149.75","146.00","346.55K","-1.01%"
"08/17/2023","149.00","146.00","150.50","146.00","385.11K","2.05%"
"08/16/2023","146.00","144.50","147.00","144.50","287.18K","0.69%"
"08/15/2023","145.00","145.50","146.50","144.00","252.61K","-0.51%"
"08/14/2023","145.75","146.75","147.00","144.50","167.55K","0.17%"
"08/11/2023","145.50","146.50","148.00","145.00","261.25K","-0.68%"
"08/10/2023","146.50","146.25","148.50","145.00","190.63K","0.34%"
"08/09/2023","146.00","147.00","147.50","144.25","213.74K","-0.68%"
"08/08/2023","147.00","146.50","148.75","145.00","215.58K","0.17%"
"08/07/2023","146.75","151.75","152.00","146.75","506.39K","-2.98%"
"08/04/2023","151.25","152.25","153.00","150.50","820.72K","-0.33%"
"08/03/2023","151.75","148.00","152.25","146.25","1.95M","2.36%"
"08/02/2023","148.25","152.00","154.75","147.75","890.13K","-1.50%"
"07/31/2023","150.50","136.00","151.25","134.25","2.65M","7.31%"
"07/28/2023","140.25","142.25","145.00","137.00","1.58M","-2.60%"
"07/27/2023","144.00","143.00","145.00","141.75","784.12K","0.70%"
"07/26/2023","143.00","146.00","146.00","142.00","131.56K","-0.87%"
"07/25/2023","144.25","145.00","146.50","140.00","209.06K","-0.52%"
"07/24/2023","145.00","147.00","147.00","143.00","144.50K","-1.69%"
"07/21/2023","147.50","147.00","148.50","146.00","270.43K","0.34%"
"07/20/2023","147.00","143.00","147.25","143.00","937.30K","5.00%"
"07/19/2023","140.00","141.25","142.00","137.00","429.53K","-1.93%"
"07/18/2023","142.75","145.50","145.50","141.00","146.65K","-1.72%"
"07/17/2023","145.25","144.75","146.50","143.00","322.68K","0.87%"
"07/14/2023","144.00","142.00","146.00","141.00","467.48K","1.41%"
"07/13/2023","142.00","142.00","142.00","140.00","491.86K","0.35%"
"07/12/2023","141.50","141.75","144.00","140.50","432.62K","-0.18%"
"07/11/2023","141.75","142.00","143.50","140.25","239.34K","0.53%"
"07/10/2023","141.00","143.50","145.75","140.50","271.46K","-2.08%"
"07/07/2023","144.00","145.00","146.00","141.00","279.83K","-0.69%"
"07/06/2023","145.00","146.75","149.75","144.50","309.66K","-0.85%"
"07/05/2023","146.25","143.50","150.75","143.50","1.30M","2.99%"
"07/04/2023","142.00","135.50","144.00","133.50","763.13K","7.58%"
"06/28/2023","132.00","133.75","133.75","131.00","122.45K","-0.38%"
"06/27/2023","132.50","133.00","134.00","131.75","321.68K","-0.93%"
"06/26/2023","133.75","135.00","135.00","131.25","113.49K","-0.93%"
"06/23/2023","135.00","135.50","136.75","134.75","207.94K","-0.37%"
"06/22/2023","135.50","131.00","136.50","131.00","387.03K","3.44%"
"06/21/2023","131.00","134.50","134.50","130.75","146.88K","-0.76%"
"06/20/2023","132.00","133.00","133.50","131.00","261.12K","-0.75%"
"06/19/2023","133.00","135.25","136.50","130.25","89.30K","-1.85%"
"06/16/2023","135.50","136.00","138.00","135.00","92.60K","-1.09%"
"06/15/2023","137.00","139.00","139.00","136.50","103.43K","-0.72%"
"06/14/2023","138.00","137.00","140.25","135.00","258.92K","0.73%"
"06/13/2023","137.00","132.75","138.25","132.25","249.28K","3.79%"
"06/12/2023","132.00","129.25","132.00","127.75","224.95K","1.54%"
"06/09/2023","130.00","130.50","131.00","129.25","173.09K","-0.76%"
"06/08/2023","131.00","130.50","131.50","128.75","112.04K","0.19%"
"06/07/2023","130.75","131.25","133.00","130.00","380.37K","-0.38%"
"06/06/2023","131.25","134.50","135.00","131.25","238.48K","-2.78%"
"06/05/2023","135.00","137.50","137.50","134.00","87.09K","-0.37%"
"06/02/2023","135.50","140.00","140.00","135.25","82.64K","-1.09%"
"06/01/2023","137.00","135.00","140.00","135.00","345.27K","3.01%"
"05/31/2023","133.00","135.50","136.50","132.25","123.53K","-1.66%"
"05/30/2023","135.25","134.00","135.25","132.75","172.16K","0.37%"
"05/29/2023","134.75","138.00","141.00","133.75","382.86K","-3.06%"
"05/26/2023","139.00","141.00","141.75","138.00","92.64K","-0.36%"
"05/25/2023","139.50","144.75","145.00","139.50","140.46K","-2.96%"
"05/24/2023","143.75","137.00","144.00","136.00","548.84K","5.89%"
"05/23/2023","135.75","136.50","139.50","135.00","285.46K","-0.18%"
"05/22/2023","136.00","142.00","142.00","136.00","226.27K","-3.37%"
"05/19/2023","140.75","143.00","143.50","140.50","159.75K","-2.09%"
"05/18/2023","143.75","146.75","148.00","143.00","110.29K","-2.04%"
"05/17/2023","146.75","146.00","150.00","144.00","407.64K","0.17%"
"05/16/2023","146.50","149.00","149.00","145.00","308.90K","-1.68%"
"05/15/2023","149.00","150.00","152.00","148.75","1.14M","-1.81%"
"05/12/2023","151.75","152.00","154.75","149.00","1.10M","-0.65%"
"05/11/2023","152.75","158.00","158.00","152.50","117.35K","-2.24%"
"05/10/2023","156.25","158.75","160.00","156.00","45.85K","-1.26%"
"05/09/2023","158.25","157.75","162.50","155.00","754.99K","0.48%"
"05/08/2023","157.50","152.00","158.00","151.50","544.49K","1.61%"
"05/04/2023","155.00","155.00","157.00","152.00","134.55K","0.81%"
"05/03/2023","153.75","150.25","154.50","148.00","298.13K","1.49%"
"05/02/2023","151.50","156.00","158.00","146.50","1.25M","-6.19%"
"04/28/2023","161.50","156.00","166.00","155.00","796.25K","2.87%"
"04/27/2023","157.00","157.50","161.00","154.00","382.10K","-0.48%"
"04/26/2023","157.75","162.00","164.00","157.50","236.87K","-2.47%"
"04/25/2023","161.75","162.75","163.00","157.00","341.81K","-0.15%"
"04/24/2023","162.00","167.50","167.50","161.75","208.76K","-2.41%"
"04/21/2023","166.00","170.00","170.00","165.00","268.44K","-1.48%"
"04/20/2023","168.50","165.00","171.75","164.00","490.49K","1.51%"
"04/19/2023","166.00","173.00","174.50","165.00","695.74K","-4.32%"
"04/18/2023","173.50","176.00","178.00","171.50","1.32M","-1.42%"
"04/17/2023","176.00","165.00","176.50","160.50","2.16M","7.32%"
"04/12/2023","164.00","168.00","169.50","162.25","695.63K","-2.38%"
"04/11/2023","168.00","167.75","171.50","160.00","1.85M","2.13%"
"04/10/2023","164.50","147.00","164.50","146.75","2.23M","11.53%"
"04/06/2023","147.50","143.25","147.75","140.50","247.08K","1.90%"
"04/04/2023","144.75","149.00","149.25","143.00","218.10K","-2.36%"
"04/03/2023","148.25","140.00","150.50","140.00","1.30M","7.43%"
"03/31/2023","138.00","135.00","139.50","133.00","605.18K","5.75%"
"03/30/2023","130.50","132.50","134.00","130.25","101.56K","0.38%"
"03/29/2023","130.00","130.75","134.75","130.00","515.70K","-1.52%"
"03/28/2023","132.00","131.50","132.00","128.25","660.52K","0.00%"
"03/27/2023","132.00","139.00","139.00","131.50","251.69K","-2.94%"
"03/24/2023","136.00","136.00","139.50","135.00","263.21K","-0.55%"
"03/23/2023","136.75","138.25","140.00","136.00","181.52K","-1.08%"
"03/22/2023","138.25","136.00","141.00","132.00","716.66K","2.41%"
"03/21/2023","135.00","144.00","144.00","134.00","868.57K","-4.93%"
"03/20/2023","142.00","145.00","145.00","141.50","420.13K","-0.70%"
"03/17/2023","143.00","144.50","146.00","142.75","168.25K","-0.35%"
"03/16/2023","143.50","147.00","150.50","143.00","435.92K","-2.05%"
"03/15/2023","146.50","149.00","149.50","145.25","208.57K","-0.68%"
"03/14/2023","147.50","149.00","150.00","146.50","285.80K","0.68%"
"03/13/2023","146.50","150.00","150.00","145.75","431.47K","-2.17%"
"03/10/2023","149.75","151.25","154.00","149.00","264.36K","-1.32%"
"03/09/2023","151.75","152.00","155.00","150.25","156.64K","0.00%"
"03/08/2023","151.75","150.00","158.00","147.00","885.03K","1.17%"
"03/07/2023","150.00","163.00","163.00","147.00","2.42M","-8.81%"
"03/03/2023","164.50","174.00","174.00","164.50","1.25M","-6.00%"
"03/02/2023","175.00","177.00","179.00","174.00","268.99K","-0.71%"
"03/01/2023","176.25","178.75","180.00","176.25","287.86K","-0.70%"
"02/28/2023","177.50","181.00","182.00","177.25","543.11K","-1.39%"
"02/27/2023","180.00","177.75","183.75","176.00","999.48K","1.98%"
"02/24/2023","176.50","177.75","178.00","174.50","265.24K","0.00%"
"02/23/2023","176.50","173.00","178.00","170.25","208.13K","2.47%"
"02/22/2023","172.25","176.50","179.00","172.25","389.42K","-2.41%"
"02/21/2023","176.50","175.50","177.50","173.00","213.06K","-0.84%"
"02/20/2023","178.00","174.00","179.75","174.00","128.57K","1.71%"
"02/17/2023","175.00","178.50","179.75","174.00","250.91K","-1.96%"
"02/16/2023","178.50","180.50","182.25","175.00","832.28K","0.28%"
"02/15/2023","178.00","174.25","178.75","171.00","744.73K","1.86%"
"02/14/2023","174.75","178.00","178.00","169.75","817.57K","-0.57%"
"02/13/2023","175.75","185.50","185.50","175.00","803.69K","-5.26%"
"02/10/2023","185.50","184.75","187.25","182.75","310.71K","0.54%"
"02/09/2023","184.50","187.00","189.00","183.75","549.14K","-1.86%"
"02/08/2023","188.00","189.00","190.00","187.00","382.17K","-1.05%"
"02/07/2023","190.00","194.00","194.00","189.00","664.46K","-2.19%"
"02/06/2023","194.25","191.50","195.50","191.00","1.49M","1.30%"
"02/03/2023","191.75","190.50","193.00","190.00","921.64K","0.66%"
"02/02/2023","190.50","195.75","196.00","190.00","355.74K","-1.80%"
"02/01/2023","194.00","185.50","196.00","185.00","806.51K","4.30%"
"01/31/2023","186.00","184.50","188.00","183.00","308.30K","0.40%"
"01/30/2023","185.25","177.00","186.75","171.00","1.40M","-2.76%"
"01/27/2023","190.50","188.00","196.75","185.25","1.46M","0.40%"
"01/26/2023","189.75","191.25","191.25","185.00","289.84K","-1.17%"
"01/25/2023","192.00","196.00","196.50","189.00","574.94K","-2.04%"
"01/24/2023","196.00","198.50","199.50","193.50","412.17K","-1.26%"
"01/23/2023","198.50","200.00","204.00","197.00","558.52K","-0.25%"
"01/20/2023","199.00","190.25","200.00","189.00","1.12M","4.60%"
"01/19/2023","190.25","194.00","194.00","185.25","222.12K","0.66%"
"01/18/2023","189.00","194.00","194.50","185.00","457.20K","-0.53%"
"01/17/2023","190.00","173.00","195.00","172.00","811.78K","10.47%"
"01/13/2023","172.00","172.00","173.00","170.25","286.40K","-0.58%"
"01/12/2023","173.00","172.00","173.00","169.50","391.53K","0.58%"
"01/11/2023","172.00","171.50","172.00","169.00","206.99K","0.15%"
"01/10/2023","171.75","170.25","174.50","170.00","283.16K","0.73%"
"01/09/2023","170.50","173.50","173.50","168.00","483.19K","-1.73%"
"01/05/2023","173.50","177.75","177.75","170.25","237.61K","-2.53%"
"01/04/2023","178.00","181.00","181.00","177.00","271.45K","-1.93%"
"01/03/2023","181.50","186.25","186.25","181.00","528.52K","-2.02%"
"01/02/2023","185.25","183.50","186.00","183.25","147.23K","1.23%"
"12/30/2022","183.00","181.00","183.25","181.00","665.32K","0.83%"
"12/29/2022","181.50","180.50","183.50","180.00","466.55K","0.69%"
"12/28/2022","180.25","180.00","184.25","180.00","522.10K","0.14%"
"12/27/2022","180.00","180.00","189.00","176.00","422.35K","-1.64%"
"12/23/2022","183.00","190.00","190.00","176.00","1.11M","-4.19%"
"12/22/2022","191.00","196.75","199.50","190.25","1.39M","-3.05%"
"12/21/2022","197.00","205.00","206.00","195.00","2.81M","-3.43%"
"12/20/2022","204.00","206.00","207.00","204.00","1.33M","-0.97%"
"12/19/2022","206.00","208.00","209.00","205.25","880.22K","-0.96%"
"12/16/2022","208.00","206.00","208.75","206.00","831.83K","0.60%"
"12/15/2022","206.75","207.50","209.00","206.50","1.03M","-0.36%"
"12/14/2022","207.50","208.00","208.25","205.75","956.51K","0.48%"
"12/13/2022","206.50","205.00","209.50","204.50","913.17K","0.73%"
"12/12/2022","205.00","205.50","211.00","205.00","1.55M","0.00%"
"12/09/2022","205.00","203.00","205.25","200.00","2.05M","0.99%"
"12/08/2022","203.00","207.00","209.00","202.00","1.18M","-1.81%"
"12/06/2022","206.75","207.75","209.00","201.25","1.41M","-0.48%"
"12/05/2022","207.75","194.50","208.00","194.50","2.15M","6.68%"
"12/02/2022","194.75","196.00","197.00","192.00","1.78M","-0.13%"
"12/01/2022","195.00","195.00","197.50","194.00","1.53M","2.09%"
"11/30/2022","191.00","197.00","197.50","190.00","2.19M","-1.04%"
"11/29/2022","193.00","190.00","194.75","176.25","6.62M","1.85%"
"11/28/2022","189.50","170.00","189.75","168.00","6.36M","13.64%"
"11/25/2022","166.75","147.00","167.00","143.25","4.14M","19.75%"
"11/24/2022","139.25","145.00","145.00","136.00","985.10K","-4.95%"
"11/23/2022","146.50","142.00","149.75","138.00","1.18M","4.46%"
"11/22/2022","140.25","124.75","140.25","124.75","1.17M","11.09%"
"11/21/2022","126.25","123.75","127.00","116.00","844.36K","2.02%"
"11/18/2022","123.75","130.25","133.00","120.00","2.10M","-7.13%"
"11/17/2022","133.25","137.50","137.50","132.00","440.40K","-1.66%"
"11/16/2022","135.50","140.00","140.00","129.00","3.43M","-4.91%"
"11/15/2022","142.50","149.00","155.00","140.00","1.16M","-3.72%"
"11/14/2022","148.00","155.00","156.00","146.50","953.67K","-2.95%"
"11/11/2022","152.50","152.75","157.00","152.50","216.51K","-0.33%"
"11/10/2022","153.00","155.00","157.00","151.00","286.93K","-0.49%"
"11/09/2022","153.75","153.00","157.00","150.00","391.87K","0.49%"
"11/08/2022","153.00","166.00","166.50","150.00","1.52M","-8.11%"
"11/04/2022","166.50","165.00","170.50","162.50","943.00K","0.91%"
"11/03/2022","165.00","168.00","168.00","160.25","1.41M","-1.79%"
"11/02/2022","168.00","174.75","176.50","166.00","2.44M","-2.33%"
"11/01/2022","172.00","150.25","174.50","150.25","2.99M","13.91%"
"10/31/2022","151.00","149.00","156.75","145.00","2.45M","-4.73%"
"10/28/2022","158.50","167.00","169.25","158.00","873.45K","-4.52%"
"10/27/2022","166.00","169.75","169.75","163.50","912.88K","2.15%"
"10/26/2022","162.50","150.00","162.50","148.75","998.28K","10.54%"
"10/25/2022","147.00","150.00","154.75","146.25","1.97M","-1.34%"
"10/21/2022","149.00","148.00","153.50","147.00","631.46K","0.68%"
"10/20/2022","148.00","153.75","155.00","145.00","974.64K","-4.05%"
"10/19/2022","154.25","155.00","159.75","153.00","257.31K","-1.28%"
"10/18/2022","156.25","160.00","160.00","150.50","645.18K","-2.80%"
"10/17/2022","160.75","165.75","166.75","158.00","758.20K","-3.74%"
"10/14/2022","167.00","168.00","170.00","161.00","1.40M","-0.45%"
"10/13/2022","167.75","164.75","169.50","159.00","1.52M","3.55%"
"10/12/2022","162.00","140.00","164.50","135.00","2.60M","13.29%"
"10/11/2022","143.00","165.00","166.00","142.00","3.58M","-13.33%"
"10/07/2022","165.00","165.00","172.00","154.00","1.69M","0.30%"
"10/06/2022","164.50","179.50","179.50","163.50","1.21M","-7.97%"
"10/05/2022","178.75","178.00","187.00","170.00","1.06M","-0.69%"
"10/04/2022","180.00","185.00","189.75","171.00","2.50M","-5.39%"
"10/03/2022","190.25","217.50","217.50","190.00","2.51M","-12.33%"
"09/30/2022","217.00","219.50","220.00","215.00","800.78K","-1.25%"
"09/29/2022","219.75","224.00","224.00","218.00","797.84K","-2.22%"
"09/28/2022","224.75","224.00","226.50","221.00","890.14K","-0.11%"
"09/27/2022","225.00","225.00","226.00","223.00","1.65M","0.00%"
"09/26/2022","225.00","221.00","225.00","220.25","1.55M","1.35%"
"09/23/2022","222.00","224.00","224.00","220.00","1.08M","-0.89%"
"09/22/2022","224.00","227.00","227.00","222.00","912.65K","-1.43%"
"09/21/2022","227.25","225.50","228.00","224.75","1.21M","0.33%"
"09/20/2022","226.50","225.00","229.75","221.00","2.15M","0.67%"
"09/19/2022","225.00","226.00","226.00","221.00","1.27M","-1.32%"
"09/16/2022","228.00","227.00","228.00","225.50","1.21M","0.44%"
"09/15/2022","227.00","228.00","228.00","225.00","735.92K","0.11%"
"09/14/2022","226.75","225.00","230.00","225.00","668.70K","0.55%"
"09/13/2022","225.50","230.00","230.00","224.75","1.23M","-1.10%"
"09/12/2022","228.00","239.00","239.00","228.00","1.58M","-3.39%"
"09/09/2022","236.00","235.00","243.00","235.00","2.04M","2.16%"
"09/08/2022","231.00","221.25","232.25","221.00","1.85M","4.52%"
"09/07/2022","221.00","218.00","222.00","216.50","1.10M","1.84%"
"09/06/2022","217.00","221.00","223.00","213.00","1.68M","-2.25%"
"09/05/2022","222.00","220.25","224.25","220.00","1.28M","1.02%"
"09/02/2022","219.75","223.00","224.75","218.50","1.31M","-0.45%"
"09/01/2022","220.75","220.00","225.00","219.00","1.15M","0.80%"
"08/31/2022","219.00","218.25","221.00","215.00","914.63K","1.86%"
"08/30/2022","215.00","214.00","220.00","210.50","709.74K","1.42%"
"08/29/2022","212.00","215.00","218.75","210.50","1.14M","-1.40%"
"08/26/2022","215.00","222.00","222.00","210.25","1.66M","2.38%"
"08/25/2022","210.00","218.75","222.00","209.00","1.15M","-4.55%"
"08/24/2022","220.00","225.50","227.25","219.00","1.24M","-3.19%"
"08/23/2022","227.25","233.50","236.00","226.50","1.65M","-1.84%"
"08/22/2022","231.50","230.00","235.00","226.50","2.59M","3.46%"
"08/19/2022","223.75","215.00","224.25","206.50","2.24M","6.04%"
"08/18/2022","211.00","217.00","217.00","207.50","1.48M","-0.94%"
"08/17/2022","213.00","219.00","219.75","209.25","1.93M","-2.85%"
"08/16/2022","219.25","225.00","225.00","210.50","3.04M","-1.24%"
"08/15/2022","222.00","235.00","237.25","221.50","2.19M","-2.20%"
"08/12/2022","227.00","228.75","233.75","225.00","3.32M","0.89%"
"08/10/2022","225.00","205.00","225.50","203.75","6.27M","15.53%"
"08/09/2022","194.75","203.50","203.75","193.25","2.28M","-4.06%"
"08/08/2022","203.00","210.00","210.00","201.50","1.57M","-1.46%"
"08/05/2022","206.00","212.00","212.00","201.00","2.85M","-1.67%"
"08/04/2022","209.50","206.00","215.50","206.00","4.54M","4.88%"
"08/03/2022","199.75","180.00","200.00","176.00","3.17M","13.66%"
"08/02/2022","175.75","168.50","178.00","167.50","1.07M","5.87%"
"08/01/2022","166.00","172.00","174.00","166.00","1.69M","-5.14%"
"07/29/2022","175.00","176.00","178.75","174.00","839.72K","0.14%"
"07/28/2022","174.75","170.00","175.50","167.25","655.85K","3.56%"
"07/27/2022","168.75","170.00","170.00","167.25","430.04K","-0.74%"
"07/26/2022","170.00","172.25","175.50","169.50","571.96K","-1.88%"
"07/25/2022","173.25","179.00","179.00","171.25","256.39K","-2.12%"
"07/22/2022","177.00","178.00","180.00","176.25","265.53K","-1.53%"
"07/21/2022","179.75","183.00","185.00","177.25","654.24K","-0.42%"
"07/20/2022","180.50","180.50","183.00","180.00","628.46K","0.98%"
"07/19/2022","178.75","179.25","181.00","178.00","766.45K","0.70%"
"07/18/2022","177.50","181.00","182.00","177.00","764.58K","0.00%"
"07/15/2022","177.50","183.00","183.00","177.00","1.32M","2.01%"
"07/14/2022","174.00","167.50","175.75","165.00","614.74K","-2.79%"
"07/12/2022","179.00","179.75","187.00","176.00","1.69M","0.70%"
"07/11/2022","177.75","170.00","178.00","165.00","1.39M","9.05%"
"07/08/2022","163.00","163.00","164.25","160.25","584.24K","2.84%"
"07/07/2022","158.50","158.00","168.00","155.25","685.11K","1.44%"
"07/06/2022","156.25","160.00","166.50","155.00","1.17M","-3.55%"
"07/05/2022","162.00","169.00","171.50","160.00","740.94K","-4.57%"
"07/04/2022","169.75","178.00","184.00","169.00","1.00M","-4.37%"
"07/01/2022","177.50","165.00","179.50","162.00","2.51M","3.05%"
"06/30/2022","172.25","178.00","178.00","170.50","1.41M","-2.68%"
"06/29/2022","177.00","170.00","178.50","170.00","851.47K","4.27%"
"06/28/2022","169.75","170.00","173.00","159.25","1.10M","-4.23%"
"06/27/2022","177.25","188.00","188.00","174.50","1.51M","-7.20%"
"06/24/2022","191.00","189.50","194.75","189.50","1.11M","1.73%"
"06/23/2022","187.75","182.00","188.25","178.25","2.10M","7.75%"
"06/22/2022","174.25","170.00","175.25","169.00","1.16M","2.65%"
"06/21/2022","169.75","169.50","172.00","164.00","1.24M","2.26%"
"06/20/2022","166.00","151.50","166.50","150.75","1.31M","4.08%"
"06/17/2022","159.50","173.00","173.00","158.00","2.39M","-7.80%"
"06/16/2022","173.00","173.00","179.75","172.50","525.71K","-0.29%"
"06/15/2022","173.50","180.50","181.00","170.75","1.17M","-5.71%"
"06/13/2022","184.00","190.00","190.00","180.00","604.72K","-4.17%"
"06/10/2022","192.00","199.00","200.00","190.25","515.29K","-2.78%"
"06/09/2022","197.50","200.00","204.75","193.75","764.10K","1.80%"
"06/08/2022","194.00","192.50","202.00","185.00","938.88K","3.05%"
"06/07/2022","188.25","187.00","190.00","170.00","3.02M","0.13%"
"06/06/2022","188.00","210.00","210.50","187.00","2.53M","-10.90%"
"06/03/2022","211.00","218.00","218.00","210.00","497.03K","-1.40%"
"06/02/2022","214.00","209.50","218.75","205.25","752.68K","2.39%"
"06/01/2022","209.00","216.00","218.75","208.00","979.34K","-3.46%"
"05/31/2022","216.50","222.00","222.00","212.50","1.09M","-2.04%"
"05/30/2022","221.00","226.00","228.00","221.00","698.55K","-1.34%"
"05/27/2022","224.00","223.00","231.00","223.00","823.16K","0.45%"
"05/26/2022","223.00","227.75","227.75","218.00","1.63M","-1.76%"
"05/25/2022","227.00","229.50","235.00","219.00","1.18M","-1.30%"
"05/24/2022","230.00","242.00","243.25","229.00","2.04M","-4.17%"
"05/23/2022","240.00","236.75","242.00","228.00","4.35M","5.96%"
"05/20/2022","226.50","202.00","226.50","200.25","4.17M","12.55%"
"05/19/2022","201.25","227.00","227.00","200.00","3.72M","-6.40%"
"05/18/2022","215.00","233.50","237.00","213.00","4.86M","-4.02%"
"05/17/2022","224.00","200.00","224.00","198.00","3.97M","15.46%"
"05/13/2022","194.00","185.00","198.00","182.00","4.85M","10.86%"
"05/12/2022","175.00","160.00","175.00","154.00","2.64M","10.41%"
"05/09/2022","158.50","154.00","167.00","154.00","2.28M","7.09%"
"05/06/2022","148.00","159.00","159.00","145.50","1.96M","-6.92%"
"05/05/2022","159.00","162.00","165.00","155.00","1.39M","-2.15%"
"05/04/2022","162.50","169.00","170.00","149.25","2.80M","0.31%"
"04/29/2022","162.00","185.00","189.00","159.00","6.57M","-7.95%"
"04/28/2022","176.00","155.00","187.75","127.00","9.97M","18.32%"
"04/27/2022","148.75","90.00","150.00","90.00","5.85M","52.10%"
"04/26/2022","97.80","100.00","105.00","97.80","1.76M","-18.50%"
"04/25/2022","120.00","130.00","132.00","120.00","602.64K","-19.73%"
"04/08/2022","149.50","150.00","153.75","141.00","3.17M","-1.48%"
"04/07/2022","151.75","167.00","167.00","148.00","3.38M","-7.47%"
"04/06/2022","164.00","175.00","180.00","163.00","4.04M","-5.34%"
"04/05/2022","173.25","167.00","177.25","159.25","2.01M","3.74%"
"04/04/2022","167.00","170.00","179.00","145.25","5.66M","-7.73%"
"04/01/2022","181.00","200.00","200.00","180.00","1.96M","-10.40%"
"03/31/2022","202.00","223.00","225.00","201.00","1.68M","-9.01%"
"03/30/2022","222.00","242.00","242.00","200.00","3.86M","-9.66%"
"03/29/2022","245.75","257.75","267.00","242.00","2.15M","-4.66%"
"03/28/2022","257.75","275.00","277.00","254.00","1.16M","-6.27%"
"03/25/2022","275.00","263.00","280.75","262.00","2.21M","4.56%"
"03/24/2022","263.00","260.00","265.50","253.00","1.14M","2.94%"
"03/23/2022","255.50","256.00","260.00","252.00","483.86K","-0.20%"
"03/22/2022","256.00","260.50","263.00","254.00","555.70K","-0.58%"
"03/21/2022","257.50","262.00","264.00","254.00","752.27K","0.19%"
"03/18/2022","257.00","255.50","264.00","252.00","1.25M","3.01%"
"03/16/2022","249.50","256.25","260.00","238.00","4.22M","-1.77%"
"03/15/2022","254.00","275.00","275.00","252.00","1.31M","-6.45%"
"03/14/2022","271.50","281.00","282.00","271.25","914.08K","-2.69%"
"03/11/2022","279.00","297.00","300.00","275.00","2.77M","-4.12%"
"03/10/2022","291.00","251.00","294.00","251.00","4.89M","22.53%"
"03/09/2022","237.50","258.00","264.00","235.75","2.07M","-8.21%"
"03/08/2022","258.75","290.00","291.00","249.75","2.23M","-3.63%"
"03/07/2022","268.50","280.00","290.00","267.00","1.40M","-4.02%"
"03/04/2022","279.75","269.00","285.00","258.75","1.83M","2.66%"
"03/03/2022","272.50","285.00","287.00","269.50","1.41M","-5.05%"
"03/02/2022","287.00","300.00","300.00","271.00","2.09M","-3.04%"
"02/28/2022","296.00","269.75","304.75","259.00","3.79M","12.12%"
"02/25/2022","264.00","240.00","265.00","227.00","3.79M","11.16%"
"02/24/2022","237.50","260.00","270.00","236.00","3.08M","-9.00%"
"02/23/2022","261.00","288.00","289.00","240.00","4.49M","-9.22%"
"02/22/2022","287.50","285.00","297.00","276.25","1.82M","-0.17%"
"02/21/2022","288.00","311.25","314.50","280.00","3.47M","-7.54%"
"02/18/2022","311.50","318.00","318.50","311.00","750.43K","-1.74%"
"02/17/2022","317.00","325.00","325.00","315.00","691.62K","-1.86%"
"02/15/2022","323.00","333.00","334.75","320.00","503.46K","-2.12%"
"02/14/2022","330.00","335.00","344.75","327.00","1.15M","-1.42%"
"02/11/2022","334.75","325.00","335.00","319.00","1.19M","5.35%"
"02/10/2022","317.75","310.00","324.75","305.00","1.58M","2.83%"
"02/09/2022","309.00","324.75","325.00","304.00","2.20M","-3.81%"
"02/08/2022","321.25","334.75","334.75","310.00","2.74M","-3.60%"
"02/07/2022","333.25","350.00","354.00","330.00","2.00M","-3.75%"
"02/03/2022","346.25","314.00","348.75","309.00","4.75M","12.06%"
"02/02/2022","309.00","345.00","345.00","304.00","6.99M","-10.17%"
"02/01/2022","344.00","355.00","355.00","340.50","3.29M","-3.03%"
"01/31/2022","354.75","369.75","373.00","352.00","2.21M","-3.34%"
"01/28/2022","367.00","370.00","384.00","341.00","5.11M","1.66%"
"01/27/2022","361.00","380.00","383.00","340.50","5.54M","-4.12%"
"01/26/2022","376.50","380.00","384.50","375.00","2.68M","-0.92%"
"01/25/2022","380.00","396.00","396.00","379.00","3.27M","-3.92%"
"01/24/2022","395.50","401.00","405.00","390.00","2.71M","0.00%"
"01/21/2022","395.50","385.00","397.00","380.00","1.85M","2.53%"
"01/20/2022","385.75","387.00","389.25","385.00","569.59K","-0.96%"
"01/19/2022","389.50","399.50","399.50","385.00","567.90K","-1.39%"
"01/18/2022","395.00","390.00","401.25","387.50","1.41M","2.60%"
"01/13/2022","385.00","378.00","387.00","371.75","1.61M","1.85%"
"01/12/2022","378.00","382.50","385.50","377.50","1.19M","-0.98%"
"01/11/2022","381.75","384.75","389.00","377.00","1.90M","-1.10%"
"01/10/2022","386.00","399.00","399.00","385.00","1.94M","-2.28%"
"01/07/2022","395.00","400.00","402.50","392.75","1.38M","-0.75%"
"01/06/2022","398.00","400.00","405.00","396.00","985.89K","0.51%"
"01/05/2022","396.00","390.00","405.00","390.00","2.73M","3.66%"
"01/04/2022","382.00","388.00","388.50","378.00","893.35K","-1.29%"
"01/03/2022","387.00","377.00","393.50","377.00","1.17M","3.20%"
"12/31/2021","375.00","374.75","379.25","370.00","1.63M","0.27%"
"12/30/2021","374.00","372.75","375.50","369.75","2.19M","0.27%"
"12/29/2021","373.00","374.00","379.00","372.00","780.39K","-0.13%"
"12/28/2021","373.50","375.00","378.00","370.75","1.00M","-0.40%"
"12/27/2021","375.00","385.00","387.50","374.50","1.06M","-2.41%"
"12/24/2021","384.25","389.75","389.75","383.50","553.65K","-0.13%"
"12/23/2021","384.75","378.00","390.00","376.00","1.58M","2.06%"
"12/22/2021","377.00","381.00","381.50","376.50","884.16K","-0.26%"
"12/21/2021","378.00","377.00","380.00","363.00","1.53M","0.27%"
"12/20/2021","377.00","375.00","385.25","370.50","1.42M","-0.53%"
"12/17/2021","379.00","374.00","385.00","367.50","1.96M","1.88%"
"12/16/2021","372.00","376.00","377.25","365.00","2.97M","-0.80%"
"12/15/2021","375.00","385.00","385.00","360.00","4.10M","-0.13%"
"12/14/2021","375.50","352.00","382.00","352.00","4.96M","7.13%"
"12/13/2021","350.50","340.25","356.50","340.25","4.55M","3.70%"
"12/10/2021","338.00","316.00","340.00","316.00","3.85M","7.56%"
"12/09/2021","314.25","308.00","314.75","303.25","2.45M","3.29%"
"12/08/2021","304.25","300.25","308.00","300.25","3.56M","1.50%"
"12/07/2021","299.75","300.00","306.00","298.00","2.77M","0.76%"
"12/06/2021","297.50","285.00","297.75","280.25","3.38M","6.25%"
"12/03/2021","280.00","280.00","285.00","273.00","3.62M","-0.88%"
"12/02/2021","282.50","282.00","289.00","272.00","2.92M","-0.09%"
"12/01/2021","282.75","287.00","296.00","279.00","5.79M","-0.09%"
"11/30/2021","283.00","266.00","284.50","266.00","6.28M","7.30%"
"11/29/2021","263.75","253.75","264.75","248.00","7.23M","6.57%"
"11/26/2021","247.50","240.00","250.00","239.75","4.65M","5.77%"
"11/25/2021","234.00","228.00","238.00","226.50","2.62M","2.74%"
"11/24/2021","227.75","232.00","232.00","225.00","2.47M","-1.19%"
"11/23/2021","230.50","236.00","237.00","228.25","2.22M","-1.07%"
"11/22/2021","233.00","231.00","240.00","230.00","2.75M","0.87%"
"11/19/2021","231.00","234.75","240.00","225.00","6.61M","1.32%"
"11/17/2021","228.00","218.00","230.00","215.50","6.97M","6.17%"
"11/16/2021","214.75","205.00","218.00","204.00","5.71M","5.66%"
"11/15/2021","203.25","194.50","205.00","192.50","2.13M","3.17%"
"11/12/2021","197.00","197.25","200.00","194.00","3.99M","-0.25%"
"11/11/2021","197.50","200.25","200.25","196.50","1.54M","-1.50%"
"11/10/2021","200.50","200.00","206.00","196.75","862.71K","0.50%"
"11/09/2021","199.50","209.00","209.00","199.00","2.67M","-3.86%"
"11/08/2021","207.50","199.00","208.75","193.00","4.96M","4.27%"
"11/05/2021","199.00","203.00","204.75","197.25","4.94M","-1.97%"
"11/03/2021","203.00","210.00","210.00","202.50","5.01M","-3.10%"
"11/02/2021","209.50","210.50","211.00","204.75","5.10M","-0.48%"
"11/01/2021","210.50","218.00","220.75","208.25","4.41M","-3.00%"
"10/29/2021","217.00","220.00","222.00","210.75","5.27M","-0.57%"
"10/28/2021","218.25","220.00","220.00","214.50","4.07M","-0.34%"
"10/27/2021","219.00","223.00","224.00","217.50","4.98M","-1.57%"
"10/26/2021","222.50","227.00","229.50","220.25","3.61M","-1.33%"
"10/25/2021","225.50","217.00","227.00","217.00","10.60M","8.15%"
"10/22/2021","208.50","203.00","209.75","203.00","3.93M","3.09%"
"10/21/2021","202.25","200.00","202.75","198.25","2.92M","2.15%"
"10/18/2021","198.00","197.00","199.75","196.25","1.95M","1.28%"
"10/15/2021","195.50","194.50","198.50","194.50","1.61M","0.64%"
"10/14/2021","194.25","190.50","194.50","189.75","1.89M","3.05%"
"10/13/2021","188.50","190.00","191.00","187.00","2.12M","-1.69%"
"10/12/2021","191.75","192.25","194.50","189.25","1.56M","0.52%"
"10/11/2021","190.75","191.50","193.00","189.75","1.60M","-1.17%"
"10/08/2021","193.00","193.00","194.75","189.25","942.66K","0.52%"
"10/07/2021","192.00","190.00","193.50","185.75","3.18M","0.66%"
"10/06/2021","190.75","189.00","193.75","186.50","2.33M","0.93%"
"10/05/2021","189.00","195.25","196.00","185.25","6.73M","-3.45%"
"10/04/2021","195.75","196.00","197.00","192.25","2.93M","-0.25%"
"10/01/2021","196.25","200.00","204.00","195.00","4.70M","-1.01%"
"09/30/2021","198.25","195.00","201.25","191.75","9.89M","2.72%"
"09/29/2021","193.00","198.00","198.00","191.25","6.09M","-1.28%"
"09/28/2021","195.50","195.00","199.00","191.50","11.30M","2.09%"
"09/27/2021","191.50","180.00","191.50","179.00","13.54M","8.04%"
"09/24/2021","177.25","172.75","177.50","171.50","5.06M","3.50%"
"09/23/2021","171.25","169.00","174.25","168.25","4.49M","2.39%"
"09/22/2021","167.25","163.50","169.00","160.00","2.47M","2.76%"
"09/21/2021","162.75","166.00","166.00","162.00","1.80M","-1.36%"
"09/17/2021","165.00","164.75","167.50","159.75","7.40M","-0.30%"
"09/16/2021","165.50","174.25","175.00","163.75","7.83M","-3.22%"
"09/15/2021","171.00","157.50","172.50","157.00","13.13M","11.04%"
"09/14/2021","154.00","144.00","158.75","144.00","10.32M","6.57%"
"09/13/2021","144.50","165.00","165.00","141.00","20.06M","-13.99%"
"09/10/2021","168.00","184.75","185.00","167.00","18.49M","-3.72%"
"09/09/2021","174.50","175.00","176.75","167.25","9.21M","1.45%"
"09/08/2021","172.00","180.50","185.00","164.00","21.13M","-5.62%"
"09/07/2021","182.25","181.50","190.00","178.00","14.91M","0.41%"
"09/06/2021","181.50","185.00","187.50","179.00","12.57M","-2.55%"
"09/03/2021","186.25","187.50","192.75","183.50","9.26M","1.22%"
"09/02/2021","184.00","184.00","191.00","176.00","13.18M","1.66%"
"09/01/2021","181.00","175.00","189.50","173.00","26.00M","9.70%"
"08/31/2021","165.00","145.00","169.50","142.00","31.11M","16.20%"
"08/30/2021","142.00","150.00","150.25","130.25","12.64M","-4.70%"
"08/27/2021","149.00","156.25","164.75","147.00","32.86M","-1.16%"
"08/26/2021","150.75","126.25","151.00","126.25","27.26M","21.57%"
"08/25/2021","124.00","119.00","126.50","117.50","11.94M","3.55%"
"08/24/2021","119.75","125.00","126.75","118.00","13.04M","-1.24%"
"08/23/2021","121.25","102.50","128.00","102.50","34.31M","21.25%"
"08/20/2021","100.00","94.50","102.00","93.10","16.44M","5.26%"
"08/19/2021","95.00","100.00","100.00","94.50","18.34M","-4.62%"
"08/18/2021","99.60","88.20","99.80","88.20","28.04M","15.14%"
"08/17/2021","86.50","80.00","86.50","80.00","10.35M","9.08%"
"08/16/2021","79.30","79.00","81.00","78.00","1.51M","0.38%"
"08/13/2021","79.00","79.70","80.60","78.60","3.47M","-2.11%"
"08/12/2021","80.70","82.80","82.80","78.50","10.47M","-2.30%"
"08/11/2021","82.60","83.60","84.20","82.10","4.39M","0.24%"
"08/10/2021","82.40","83.10","86.50","81.70","17.30M","0.37%"
"08/09/2021","82.10","75.90","82.30","74.90","18.68M","8.31%"
"08/06/2021","75.80","72.10","76.60","71.40","9.45M","3.84%"
"08/05/2021","73.00","76.90","76.90","72.90","17.32M","-5.07%"
"08/04/2021","76.90","81.00","81.50","76.90","18.27M","-3.51%"
"08/03/2021","79.70","75.00","80.00","75.00","24.31M","7.99%"
"08/02/2021","73.80","67.30","74.40","67.20","19.05M","9.82%"
"07/30/2021","67.20","68.50","69.00","66.10","11.78M","0.75%"
"07/29/2021","66.70","67.10","67.30","66.20","4.41M","-0.45%"
"07/28/2021","67.00","66.00","67.00","65.80","5.06M","1.52%"
"07/27/2021","66.00","67.10","67.30","64.90","10.41M","-1.64%"
"07/26/2021","67.10","68.00","68.90","66.20","12.67M","0.30%"
"07/22/2021","66.90","66.00","67.50","65.30","16.72M","3.72%"
"07/20/2021","64.50","64.00","65.80","61.80","18.33M","2.38%"
"07/19/2021","63.00","59.00","63.50","57.50","41.48M","15.17%"
"07/16/2021","54.70","52.90","54.90","52.80","8.37M","3.80%"
"07/15/2021","52.70","53.20","53.30","52.60","2.14M","-0.57%"
"07/14/2021","53.00","52.80","53.00","52.10","3.53M","0.57%"
"07/13/2021","52.70","52.60","53.50","52.40","5.82M","0.57%"
"07/12/2021","52.40","51.50","52.80","51.50","6.87M","2.75%"
"07/09/2021","51.00","49.90","51.10","49.90","5.44M","2.20%"
"07/08/2021","49.90","49.10","49.90","49.10","741.95K","1.42%"
"07/07/2021","49.20","48.50","49.40","48.50","866.68K","1.23%"
"07/06/2021","48.60","49.10","49.10","48.50","770.59K","-0.82%"
"07/05/2021","49.00","49.50","49.50","49.00","649.63K","-0.81%"
"07/02/2021","49.40","49.20","49.60","48.60","1.07M","0.41%"
"07/01/2021","49.20","50.00","50.00","49.00","1.87M","-1.80%"
"06/30/2021","50.10","49.80","50.30","48.60","2.75M","0.60%"
"06/29/2021","49.80","50.30","50.30","49.00","1.48M","-1.19%"
"06/28/2021","50.40","51.00","51.00","50.20","1.38M","-0.98%"
"06/25/2021","50.90","50.30","50.90","50.20","812.95K","1.39%"
"06/23/2021","50.20","49.80","50.30","48.70","2.81M","0.80%"
"06/22/2021","49.80","51.70","51.70","49.50","4.90M","-1.58%"
"06/21/2021","50.60","51.70","51.80","50.50","2.08M","-1.75%"
"06/18/2021","51.50","52.40","52.80","51.30","4.19M","-1.53%"
"06/17/2021","52.30","51.00","52.40","51.00","12.91M","3.16%"
"06/16/2021","50.70","48.30","50.70","48.20","13.87M","5.41%"
"06/15/2021","48.10","47.20","48.30","47.10","4.11M","1.26%"
"06/14/2021","47.50","47.60","47.90","46.90","449.62K","0.00%"
"06/11/2021","47.50","48.00","48.00","47.00","706.60K","-1.25%"
"06/10/2021","48.10","47.50","48.60","47.50","1.63M","1.26%"
"06/09/2021","47.50","47.50","48.00","47.40","790.68K","-0.21%"
"06/08/2021","47.60","48.40","48.50","47.10","1.89M","-1.04%"
"06/07/2021","48.10","48.00","48.60","47.40","3.54M","1.91%"
"06/04/2021","47.20","46.50","47.50","46.50","4.96M","2.61%"
"06/03/2021","46.00","45.10","46.30","44.90","2.10M","2.00%"
"06/02/2021","45.10","45.50","45.90","44.80","806.64K","-0.22%"
"06/01/2021","45.20","45.90","46.50","44.90","1.40M","-1.53%"
"05/31/2021","45.90","46.80","47.00","45.10","1.64M","-1.50%"
"05/28/2021","46.60","46.00","46.80","45.40","1.69M","1.75%"
"05/25/2021","45.80","45.00","46.10","44.80","1.60M","2.92%"
"05/24/2021","44.50","44.50","44.80","43.80","1.59M","-0.67%"
"05/21/2021","44.80","46.20","46.20","43.90","2.32M","-2.18%"
"05/20/2021","45.80","46.80","46.90","45.10","515.91K","-2.55%"
"05/19/2021","47.00","47.00","47.40","46.00","4.15M","0.00%"
"05/18/2021","47.00","47.30","47.70","46.50","4.53M","0.00%"
"05/17/2021","47.00","44.70","47.20","44.70","5.32M","5.38%"
"05/13/2021","44.60","44.00","44.80","44.00","792.79K","1.13%"
"05/12/2021","44.10","44.50","45.20","44.10","1.96M","-0.23%"
"05/11/2021","44.20","44.20","45.00","44.10","911.53K","-0.67%"
"05/10/2021","44.50","45.40","45.50","44.10","1.67M","-1.98%"
"05/07/2021","45.40","45.50","46.00","45.20","1.17M","-0.22%"
"05/06/2021","45.50","45.50","46.40","45.00","1.73M","-0.22%"
"05/05/2021","45.60","44.30","45.80","44.10","1.19M","2.47%"
"05/04/2021","44.50","45.00","45.90","44.00","1.65M","-0.67%"
"05/03/2021","44.80","46.90","47.50","44.80","3.71M","-3.45%"
"04/30/2021","46.40","46.00","47.60","45.50","4.40M","-2.32%"
"04/29/2021","47.50","47.80","48.70","46.00","5.03M","-0.63%"
"04/28/2021","47.80","43.10","48.10","43.10","3.13M","8.14%"
"04/27/2021","44.20","45.50","45.50","43.80","3.33M","-3.91%"
"04/23/2021","46.00","47.00","47.40","45.60","2.84M","-3.36%"
"04/22/2021","47.60","49.50","49.50","47.40","1.96M","-3.84%"
"04/21/2021","49.50","47.00","50.00","47.00","3.12M","4.87%"
"04/20/2021","47.20","51.30","51.30","47.00","9.77M","-7.99%"
"04/19/2021","51.30","52.30","52.80","50.90","2.52M","-1.35%"
"04/16/2021","52.00","52.70","52.80","50.00","5.77M","-1.33%"
"04/15/2021","52.70","52.80","53.60","52.40","4.45M","0.57%"
"04/12/2021","52.40","49.70","52.50","49.50","7.20M","5.86%"
"04/09/2021","49.50","49.20","50.50","49.00","4.88M","1.43%"
"04/08/2021","48.80","47.70","49.60","47.00","7.38M","2.74%"
"04/07/2021","47.50","48.00","49.00","47.00","4.54M","-0.42%"
"04/06/2021","47.70","46.00","47.90","45.60","4.30M","3.70%"
"04/05/2021","46.00","46.00","47.10","45.50","2.95M","0.00%"
"04/01/2021","46.00","45.10","46.30","44.70","2.70M","2.45%"
"03/31/2021","44.90","44.90","45.10","44.00","1.02M","0.45%"
"03/30/2021","44.70","45.80","45.80","44.60","895.93K","-2.40%"
"03/29/2021","45.80","45.00","46.00","44.20","2.91M","2.69%"
"03/26/2021","44.60","45.00","45.40","43.10","831.18K","2.06%"
"03/25/2021","43.70","47.00","47.00","43.60","2.89M","-5.00%"
"03/24/2021","46.00","42.60","46.30","42.10","4.49M","5.26%"
"03/23/2021","43.70","43.20","44.00","42.00","970.46K","1.16%"
"03/22/2021","43.20","42.50","43.60","42.00","1.57M","2.61%"
"03/19/2021","42.10","42.10","43.30","40.90","3.57M","-0.94%"
"03/18/2021","42.50","45.00","45.00","42.00","2.63M","-4.49%"
"03/17/2021","44.50","46.30","46.30","44.40","3.39M","-3.05%"
"03/16/2021","45.90","46.50","46.80","44.50","3.58M","-1.29%"
"03/15/2021","46.50","48.00","48.50","46.30","1.59M","-2.52%"
"03/12/2021","47.70","47.50","48.50","46.30","3.13M","2.80%"
"03/10/2021","46.40","46.80","47.50","45.50","1.05M","0.00%"
"03/09/2021","46.40","49.50","49.90","46.10","7.04M","-5.11%"
"03/08/2021","48.90","45.10","49.00","44.50","8.46M","9.40%"
"03/05/2021","44.70","44.30","45.00","41.00","4.28M","3.95%"
"03/04/2021","43.00","45.50","46.70","42.80","6.56M","-5.29%"
"03/03/2021","45.40","46.00","46.40","42.80","4.45M","-0.22%"
"03/02/2021","45.50","47.30","47.50","45.30","3.13M","-3.60%"
"03/01/2021","47.20","48.00","48.60","46.50","6.74M","0.00%"
"02/25/2021","47.20","41.70","47.90","41.00","9.99M","13.46%"
"02/24/2021","41.60","41.00","43.00","39.90","7.82M","4.00%"
"02/23/2021","40.00","44.10","44.50","39.90","8.81M","-9.30%"
"02/22/2021","44.10","45.00","47.00","44.00","4.89M","-6.17%"
"02/19/2021","47.00","48.50","48.90","46.80","1.28M","-1.88%"
"02/18/2021","47.90","49.00","49.50","47.00","2.96M","-0.21%"
"02/17/2021","48.00","46.00","48.00","42.50","4.05M","2.56%"
"02/16/2021","46.80","50.00","50.00","45.00","6.52M","-5.45%"
"02/15/2021","49.50","52.90","53.00","49.00","8.01M","-4.81%"
"02/12/2021","52.00","50.00","52.30","49.00","9.85M","9.70%"
"02/11/2021","47.40","48.80","50.00","38.40","12.52M","-4.63%"
"02/10/2021","49.70","51.70","52.50","48.60","6.75M","-3.12%"
"02/09/2021","51.30","53.50","53.50","50.50","7.36M","-3.39%"
"02/08/2021","53.10","55.10","56.40","52.20","8.12M","-2.21%"
"02/05/2021","54.30","52.00","54.50","51.10","15.34M","8.60%"
"02/03/2021","50.00","49.00","51.50","46.00","11.64M","3.31%"
"02/02/2021","48.40","51.30","53.00","43.00","9.92M","-6.02%"
"02/01/2021","51.50","53.00","54.60","50.90","9.89M","0.98%"
"01/29/2021","51.00","56.50","57.10","42.00","18.78M","-9.41%"
"01/27/2021","56.30","60.90","60.90","54.50","30.47M","-7.70%"
"01/26/2021","61.00","64.00","64.60","60.10","21.22M","-1.61%"
"01/25/2021","62.00","57.50","62.80","57.50","29.89M","12.52%"
"01/22/2021","55.10","51.80","56.40","51.40","18.55M","6.78%"
"01/21/2021","51.60","51.00","51.90","49.00","7.20M","0.39%"
"01/20/2021","51.40","50.00","53.00","50.00","12.98M","2.80%"
"01/19/2021","50.00","54.00","54.50","48.90","19.35M","-6.37%"
"01/18/2021","53.40","55.10","58.90","52.80","28.14M","0.00%"
"01/15/2021","53.40","48.00","54.00","48.00","35.66M","14.35%"
"01/13/2021","46.70","44.00","48.00","44.00","31.23M","9.37%"
"01/12/2021","42.70","39.90","42.90","38.90","26.36M","9.49%"
"01/11/2021","39.00","35.30","39.90","35.30","36.16M","14.04%"
"01/08/2021","34.20","32.10","34.90","31.50","27.54M","8.23%"
"01/07/2021","31.60","31.40","31.60","30.40","12.61M","0.96%"
"01/06/2021","31.30","32.00","32.40","31.10","11.90M","-2.19%"
"01/05/2021","32.00","31.90","32.60","31.80","19.75M","1.91%"
"01/04/2021","31.40","29.30","31.50","29.20","19.07M","8.65%"
"12/31/2020","28.90","28.70","29.30","28.70","8.93M","1.05%"
"12/30/2020","28.60","27.70","28.60","27.70","12.48M","4.76%"
"12/28/2020","27.30","27.30","27.40","27.00","2.99M","0.00%"
"12/24/2020","27.30","27.20","27.40","27.00","1.45M","0.74%"
"12/23/2020","27.10","27.40","27.50","26.90","3.53M","-1.09%"
"12/22/2020","27.40","27.60","28.00","27.00","13.35M","0.74%"
"12/21/2020","27.20","25.90","27.30","25.90","20.54M","5.84%"
"12/18/2020","25.70","25.00","25.80","25.00","3.15M","2.80%"
"12/17/2020","25.00","25.20","25.50","24.90","4.73M","-0.40%"
"12/16/2020","25.10","25.30","25.50","25.00","6.11M","-1.18%"
"12/15/2020","25.40","25.60","25.70","25.10","2.08M","-0.78%"
"12/14/2020","25.60","26.00","26.00","25.40","2.83M","-0.78%"
"12/11/2020","25.80","26.50","26.50","25.00","1.83M","-0.77%"
"12/10/2020","26.00","25.00","26.50","25.00","8.64M","4.00%"
"12/09/2020","25.00","25.50","25.70","24.90","6.98M","-1.96%"
"12/08/2020","25.50","25.00","26.00","24.80","5.66M","1.59%"
"12/07/2020","25.10","26.00","26.00","24.90","7.91M","-3.09%"
"12/04/2020","25.90","26.20","26.30","25.50","5.33M","-1.52%"
"12/03/2020","26.30","26.50","26.50","26.10","5.22M","0.00%"
"12/02/2020","26.30","26.90","27.00","26.20","6.65M","-2.23%"
"12/01/2020","26.90","27.30","27.60","26.70","5.03M","-1.10%"
"11/30/2020","27.20","27.00","27.60","26.50","12.10M","2.26%"
"11/27/2020","26.60","25.00","26.70","24.50","15.47M","4.72%"
"11/26/2020","25.40","25.50","25.60","24.90","6.93M","0.40%"
"11/25/2020","25.30","25.60","25.70","24.80","6.63M","-1.17%"
"11/24/2020","25.60","26.40","26.50","25.40","6.57M","-3.40%"
"11/23/2020","26.50","26.50","26.80","26.40","4.08M","0.38%"
"11/20/2020","26.40","26.30","26.70","25.90","5.85M","1.15%"
"11/19/2020","26.10","27.00","27.00","26.00","11.81M","-3.69%"
"11/18/2020","27.10","27.90","28.30","26.30","20.21M","-1.45%"
"11/17/2020","27.50","26.50","27.70","26.10","17.67M","4.17%"
"11/16/2020","26.40","25.90","26.40","25.30","6.18M","3.12%"
"11/13/2020","25.60","25.80","26.10","25.00","8.35M","0.39%"
"11/12/2020","25.50","25.50","26.30","24.80","11.05M","-0.39%"
"11/11/2020","25.60","25.30","26.40","23.80","25.44M","0.00%"
"11/10/2020","25.60","28.50","28.90","25.50","37.56M","-9.54%"
"11/09/2020","28.30","29.50","30.00","27.40","57.15M","14.57%"
"11/06/2020","24.70","25.20","25.40","24.50","23.77M","-0.80%"
"11/05/2020","24.90","24.50","25.10","24.10","22.67M","4.18%"
"11/04/2020","23.90","23.50","24.40","23.10","38.37M","4.37%"
"11/03/2020","22.90","19.50","23.00","19.50","41.78M","19.27%"
"11/02/2020","19.20","18.00","19.20","17.90","15.37M","5.49%"
"10/29/2020","18.20","17.20","18.40","17.10","9.08M","6.43%"
"10/28/2020","17.10","17.60","18.00","16.70","7.46M","-3.39%"
"10/27/2020","17.70","17.20","17.90","17.20","7.81M","2.31%"
"10/26/2020","17.30","16.90","17.80","16.50","9.48M","-2.81%"
"10/23/2020","17.80","18.50","18.90","17.70","17.85M","-1.11%"
"10/22/2020","18.00","16.70","18.10","16.60","25.35M","5.26%"
"10/21/2020","17.10","19.00","19.00","16.70","27.36M","-11.40%"
"10/20/2020","19.30","19.50","19.50","18.80","9.95M","-1.03%"
"10/19/2020","19.50","19.50","19.60","19.10","22.91M","4.28%"
"10/16/2020","18.70","18.30","19.00","18.00","30.26M","3.89%"
"10/15/2020","18.00","16.60","18.20","16.20","36.33M","9.09%"
"10/14/2020","16.50","17.60","17.70","16.20","25.80M","-3.51%"
"10/13/2020","17.10","17.50","18.40","16.70","48.98M","0.59%"
"10/12/2020","17.00","15.00","17.20","15.00","52.45M","17.24%"
"10/09/2020","14.50","13.80","15.10","13.80","57.44M","8.21%"
"10/08/2020","13.40","12.40","13.40","12.40","41.85M","10.74%"
"10/07/2020","12.10","11.70","12.60","11.60","19.81M","0.83%"
"10/06/2020","12.00","11.50","12.90","11.00","40.92M","2.56%"
"10/05/2020","11.70","12.50","13.00","11.50","53.30M","-15.22%"
"10/02/2020","13.80","11.80","13.90","11.80","45.99M","18.97%"
"09/30/2020","11.60","10.80","11.60","10.80","28.72M","6.42%"
"09/29/2020","10.90","10.90","11.00","10.60","14.84M","-1.80%"
"09/28/2020","11.10","11.10","11.30","10.80","19.92M","-0.89%"
"09/25/2020","11.20","10.80","11.40","10.70","22.10M","4.67%"
"09/24/2020","10.70","9.80","10.70","9.80","38.94M","9.18%"
"09/23/2020","9.80","9.70","9.90","9.50","4.64M","2.08%"
"09/22/2020","9.60","9.90","9.90","9.40","11.76M","-2.04%"
"09/21/2020","9.80","10.00","10.20","9.50","13.27M","0.00%"
"09/18/2020","9.80","9.00","10.10","9.00","34.09M","8.89%"
"09/17/2020","9.00","8.80","9.20","8.50","14.78M","0.00%"
"09/16/2020","9.00","10.00","10.30","8.60","49.06M","-6.25%"
"09/15/2020","9.60","8.10","10.00","8.00","45.22M","23.08%"
"09/14/2020","7.80","7.00","8.00","7.00","17.86M","13.04%"
"09/11/2020","6.90","6.90","7.00","6.80","3.78M","0.00%"
"09/10/2020","6.90","7.00","7.30","6.80","21.89M","0.00%"
"09/09/2020","6.90","6.30","7.00","6.30","21.29M","7.81%"
"09/08/2020","6.40","6.30","6.40","6.20","9.69M","3.23%"
"09/07/2020","6.20","6.30","6.40","6.10","10.55M","0.00%"
"09/04/2020","6.20","6.00","6.30","5.80","11.01M","3.33%"
"09/03/2020","6.00","5.60","6.00","5.60","19.45M","7.14%"
"09/02/2020","5.60","5.20","5.70","5.20","8.08M","7.69%"
"08/31/2020","5.20","5.20","5.30","5.20","598.19K","0.00%"
"08/28/2020","5.20","5.20","5.30","5.10","4.53M","0.00%"
"08/27/2020","5.20","5.20","5.20","5.00","2.57M","0.00%"
"08/26/2020","5.20","5.00","5.20","4.90","7.77M","1.96%"
"08/25/2020","5.10","5.00","5.10","5.00","2.86M","0.00%"
"08/24/2020","5.10","5.20","5.20","5.00","3.42M","-1.92%"
"08/21/2020","5.20","5.30","5.30","5.10","2.51M","0.00%"
"08/20/2020","5.20","5.40","5.40","5.10","13.27M","-3.70%"
"08/19/2020","5.40","5.10","5.50","5.10","18.78M","5.88%"
"08/18/2020","5.10","4.50","5.10","4.50","14.61M","13.33%"
"08/17/2020","4.50","4.50","4.60","4.40","5.32M","2.27%"
"08/14/2020","4.40","4.30","4.50","4.30","33.43M","10.00%"
"08/13/2020","4.00","3.90","4.00","3.90","9.18M","2.56%"
"08/12/2020","3.90","3.90","4.00","3.90","1.83M","0.00%"
"08/11/2020","3.90","3.90","4.00","3.80","2.09M","0.00%"
"08/10/2020","3.90","4.00","4.00","3.80","2.45M","-2.50%"
"08/07/2020","4.00","4.00","4.10","3.90","9.06M","0.00%"
"08/06/2020","4.00","3.90","4.00","3.80","1.08M","2.56%"
"08/05/2020","3.90","3.90","4.00","3.80","903.50K","0.00%"
"08/04/2020","3.90","3.80","4.00","3.80","2.19M","0.00%"
"07/31/2020","3.90","3.70","3.90","3.60","6.35M","5.41%"
"07/30/2020","3.70","3.60","3.70","3.60","417.99K","0.00%"
"07/29/2020","3.70","3.80","3.80","3.60","3.72M","-2.63%"
"07/28/2020","3.80","3.70","3.80","3.60","3.10M","2.70%"
"07/27/2020","3.70","3.70","3.70","3.60","1.03M","0.00%"
"07/24/2020","3.70","3.70","3.70","3.60","1.61M","2.78%"
"07/23/2020","3.60","3.50","3.70","3.50","1.24M","0.00%"
"07/22/2020","3.60","3.60","3.70","3.50","3.52M","0.00%"
"07/21/2020","3.60","3.60","3.70","3.50","1.93M","2.86%"
"07/20/2020","3.50","3.30","3.60","3.20","5.41M","9.37%"
"07/17/2020","3.20","3.10","3.30","3.10","1.73M","6.67%"
"07/16/2020","3.00","3.00","3.20","3.00","1.39M","0.00%"
"07/15/2020","3.00","3.00","3.10","2.90","1.32M","0.00%"
"07/14/2020","3.00","2.90","3.10","2.90","3.42M","0.00%"
"07/13/2020","3.00","3.00","3.10","2.90","5.49M","-6.25%"
"07/10/2020","3.20","3.20","3.20","3.10","6.88M","-3.03%"
"07/09/2020","3.30","3.20","3.40","3.20","1.79M","3.12%"
"07/08/2020","3.20","3.20","3.30","3.10","516.77K","0.00%"
"07/07/2020","3.20","3.30","3.30","3.20","626.64K","-3.03%"
"07/06/2020","3.30","3.20","3.30","3.10","1.33M","0.00%"
"07/03/2020","3.30","3.30","3.40","3.20","906.36K","0.00%"
"07/02/2020","3.30","3.40","3.40","3.30","3.10M","-2.94%"
"07/01/2020","3.40","3.30","3.40","3.20","1.54M","6.25%"
"06/30/2020","3.20","3.30","3.30","3.20","533.69K","-3.03%"
"06/29/2020","3.30","3.30","3.40","3.20","3.27M","0.00%"
"06/26/2020","3.30","3.10","3.40","3.10","6.91M","6.45%"
"06/25/2020","3.10","3.10","3.20","3.00","2.63M","0.00%"
"06/24/2020","3.10","3.00","3.10","3.00","1.20M","0.00%"
"06/23/2020","3.10","3.10","3.10","2.90","3.75M","0.00%"
"06/22/2020","3.10","3.00","3.10","2.90","1.28M","3.33%"
"06/19/2020","3.00","2.90","3.00","2.90","2.30M","3.45%"
"06/18/2020","2.90","3.00","3.00","2.90","310.50K","-3.33%"
"06/17/2020","3.00","2.90","3.00","2.90","569.24K","3.45%"
"06/16/2020","2.90","2.90","3.00","2.90","551.66K","0.00%"
"06/15/2020","2.90","2.90","3.00","2.90","6.01M","-3.33%"
"06/12/2020","3.00","3.00","3.00","2.80","4.11M","0.00%"
"06/11/2020","3.00","3.10","3.10","2.90","10.29M","-3.23%"
"06/10/2020","3.10","3.10","3.20","3.00","2.45M","-3.13%"
"06/09/2020","3.20","3.00","3.20","2.90","25.97M","6.67%"
"06/08/2020","3.00","2.70","3.00","2.70","19.31M","11.11%"
"06/04/2020","2.70","2.70","2.70","2.60","1.71M","3.85%"
"06/03/2020","2.60","2.60","2.70","2.60","7.68M","-3.70%"
"06/02/2020","2.70","2.60","2.70","2.50","15.27M","8.00%"
"06/01/2020","2.50","2.70","2.70","2.50","11.43M","-3.85%"
"05/29/2020","2.60","2.70","2.70","2.60","7.97M","-7.14%"
"05/28/2020","2.80","2.50","2.80","2.40","65.61M","12.00%"
"05/27/2020","2.50","2.50","2.50","2.40","1.14M","0.00%"
"05/26/2020","2.50","2.60","2.60","2.40","894.59K","-3.85%"
"05/22/2020","2.60","2.70","2.70","2.50","3.85M","0.00%"
"05/21/2020","2.60","2.50","2.70","2.40","5.78M","4.00%"
"05/20/2020","2.50","2.60","2.60","2.40","1.67M","0.00%"
"05/19/2020","2.50","2.60","2.60","2.40","7.50M","-3.85%"
"05/18/2020","2.60","2.50","2.60","2.40","2.96M","8.33%"
"05/15/2020","2.40","2.60","2.60","2.40","1.77M","-4.00%"
"05/14/2020","2.50","2.10","2.50","2.10","2.24M","19.05%"
"05/13/2020","2.10","1.90","2.20","1.80","4.79M","10.53%"
"05/12/2020","1.90","1.90","1.90","1.70","4.01M","-5.00%"
"05/11/2020","2.00","2.00","2.00","2.00","83.26K","0.00%"
"03/20/2020","2.00","2.30","2.30","1.80","3.10M","-16.67%"
"03/13/2020","2.40","2.70","2.70","2.30","8.18M","-11.11%"
"03/12/2020","2.70","3.00","3.00","2.70","1.45M","-10.00%"
"03/11/2020","3.00","3.10","3.20","3.00","2.50M","0.00%"
"03/10/2020","3.00","3.30","3.30","2.90","802.72K","-9.09%"
"03/06/2020","3.30","3.50","3.50","3.20","640.57K","-5.71%"
"03/05/2020","3.50","3.50","3.50","3.40","78.12K","0.00%"
"03/04/2020","3.50","3.50","3.50","3.40","363.95K","0.00%"
"03/03/2020","3.50","3.60","3.60","3.50","1.45M","0.00%"
"03/02/2020","3.50","3.70","3.80","3.50","4.90M","-7.89%"
"02/28/2020","3.80","4.00","4.00","3.80","124.82K","-2.56%"
"02/27/2020","3.90","3.80","4.00","3.80","54.13K","0.00%"
"02/26/2020","3.90","4.00","4.00","3.90","218.38K","-2.50%"
"02/25/2020","4.00","4.10","4.20","4.00","236.96K","0.00%"
"02/24/2020","4.00","4.20","4.20","4.00","104.50K","-4.76%"
"02/20/2020","4.20","4.40","4.40","4.10","323.16K","-4.55%"
"02/19/2020","4.40","4.50","4.50","4.40","75.64K","-2.22%"
"02/18/2020","4.50","4.40","4.50","4.40","29.25K","0.00%"
"02/17/2020","4.50","4.40","4.50","4.40","2.29K","2.27%"
"02/14/2020","4.40","4.50","4.50","4.40","12.29K","0.00%"
"02/13/2020","4.40","4.60","4.60","4.40","246.07K","-4.35%"
"02/12/2020","4.60","4.70","4.70","4.60","172.23K","-2.13%"
"02/11/2020","4.70","4.70","4.80","4.70","179.38K","0.00%"
"02/10/2020","4.70","4.80","4.80","4.70","14.18K","-2.08%"
"02/07/2020","4.80","4.80","4.90","4.70","35.72K","0.00%"
"02/06/2020","4.80","4.80","4.90","4.80","0.70K","-2.04%"
"02/05/2020","4.90","4.80","4.90","4.80","50.80K","0.00%"
"02/03/2020","4.90","4.90","4.90","4.80","33.18K","0.00%"
"01/31/2020","4.90","4.90","4.90","4.90","1.10K","0.00%"
"01/30/2020","4.90","4.80","4.90","4.70","44.71K","2.08%"
"01/29/2020","4.80","4.80","4.90","4.80","2.50K","0.00%"
"01/28/2020","4.80","4.80","4.80","4.70","6.99K","0.00%"
"01/27/2020","4.80","4.90","4.90","4.80","120.00K","-2.04%"
"01/24/2020","4.90","4.90","5.00","4.90","152.61K","0.00%"
"01/23/2020","4.90","4.90","5.00","4.80","168.73K","-2.00%"
"01/22/2020","5.00","5.00","5.00","4.90","20.27K","2.04%"
"01/21/2020","4.90","4.90","4.90","4.80","83.00K","0.00%"
"01/20/2020","4.90","4.90","4.90","4.90","1.03K","2.08%"
"01/17/2020","4.80","4.90","4.90","4.80","6.19K","-4.00%"
"01/16/2020","5.00","5.00","5.00","5.00","10.11K","0.00%"
"01/14/2020","5.00","5.00","5.00","4.80","2.11K","0.00%"
"01/13/2020","5.00","4.90","5.00","4.90","41.10K","4.17%"
"01/09/2020","4.80","4.90","4.90","4.80","34.21K","2.13%"
"01/08/2020","4.70","4.90","4.90","4.70","132.33K","-4.08%"
"01/07/2020","4.90","4.90","5.00","4.90","12.66K","-2.00%"
"01/06/2020","5.00","4.90","5.10","4.90","4.54K","2.04%"
"01/03/2020","4.90","5.00","5.10","4.90","17.70K","-3.92%"
"01/02/2020","5.10","5.00","5.10","4.80","36.62K","0.00%"
"12/31/2019","5.10","5.00","5.10","4.90","51.56K","2.00%"
"12/30/2019","5.00","5.00","5.10","4.80","56.04K","0.00%"
"12/27/2019","5.00","4.90","5.00","4.90","45.10K","0.00%"
"12/26/2019","5.00","5.00","5.00","4.90","25.25K","2.04%"
"12/24/2019","4.90","5.00","5.00","4.90","29.86K","0.00%"
"12/23/2019","4.90","4.90","4.90","4.80","73.10K","0.00%"
"12/20/2019","4.90","5.00","5.00","4.80","1.09M","-3.92%"
"12/19/2019","5.10","5.10","5.10","5.00","7.73K","0.00%"
"12/18/2019","5.10","5.10","5.10","5.00","60.82K","2.00%"
"12/17/2019","5.00","5.00","5.00","5.00","51.74K","0.00%"
"12/16/2019","5.00","5.00","5.10","5.00","526.69K","-1.96%"
"12/13/2019","5.10","5.10","5.10","5.00","153.02K","-1.92%"
"12/12/2019","5.20","5.00","5.20","5.00","63.73K","1.96%"
"12/10/2019","5.10","5.00","5.10","5.00","21.14K","0.00%"
"12/09/2019","5.10","5.20","5.20","5.00","5.76K","0.00%"
"12/06/2019","5.10","5.10","5.10","5.00","1.03M","0.00%"
"12/05/2019","5.10","5.20","5.20","5.00","599.69K","-1.92%"
"12/04/2019","5.20","5.20","5.20","5.10","1.13M","0.00%"
"12/03/2019","5.20","5.20","5.30","5.10","512.88K","0.00%"
"12/02/2019","5.20","5.20","5.30","5.20","41.33K","0.00%"
"11/29/2019","5.20","5.20","5.20","5.00","927.28K","-1.89%"
"11/28/2019","5.30","5.20","5.30","5.10","585.38K","1.92%"
"11/27/2019","5.20","5.10","5.20","5.10","26.60K","0.00%"
"11/26/2019","5.20","5.10","5.20","5.10","11.30K","0.00%"
"11/25/2019","5.20","5.20","5.20","5.00","50.44K","1.96%"
"11/22/2019","5.10","5.20","5.20","5.00","94.64K","-1.92%"
"11/21/2019","5.20","5.00","5.20","5.00","65.22K","0.00%"
"11/20/2019","5.20","5.20","5.20","5.00","164.82K","0.00%"
"11/19/2019","5.20","5.00","5.20","5.00","128.00K","4.00%"
"11/18/2019","5.00","5.30","5.30","5.00","1.28M","-1.96%"
"11/15/2019","5.10","5.10","5.20","5.00","584.52K","2.00%"
"11/14/2019","5.00","5.20","5.20","5.00","253.30K","-3.85%"
"11/13/2019","5.20","5.10","5.20","5.00","53.14K","1.96%"
"11/08/2019","5.10","5.10","5.10","5.00","54.71K","0.00%"
"11/07/2019","5.10","5.20","5.20","5.10","131.40K","-1.92%"
"11/06/2019","5.20","5.30","5.30","5.10","124.81K","-1.89%"
"11/05/2019","5.30","5.20","5.30","5.20","34.55K","1.92%"
"11/04/2019","5.20","5.30","5.30","5.20","138.24K","1.96%"
"11/01/2019","5.10","5.20","5.30","5.10","183.72K","-1.92%"
"10/31/2019","5.20","5.30","5.30","5.10","18.93K","0.00%"
"10/30/2019","5.20","5.20","5.30","5.10","66.33K","0.00%"
"10/29/2019","5.20","5.20","5.20","5.10","142.40K","1.96%"
"10/28/2019","5.10","5.30","5.30","5.10","131.40K","-1.92%"
"10/25/2019","5.20","5.20","5.30","5.10","92.57K","0.00%"
"10/24/2019","5.20","5.20","5.20","5.10","252.29K","1.96%"
"10/23/2019","5.10","5.20","5.20","5.00","5.01M","0.00%"
"10/22/2019","5.10","5.20","5.20","5.00","81.45K","-1.92%"
"10/21/2019","5.20","5.30","5.30","5.10","116.37K","0.00%"
"10/18/2019","5.20","5.20","5.30","5.20","37.70K","0.00%"
"10/17/2019","5.20","5.20","5.20","5.10","61.32K","-3.70%"
"10/16/2019","5.40","5.10","5.40","5.10","204.31K","1.89%"
"10/15/2019","5.30","5.30","5.30","5.20","32.92K","-1.85%"
"10/14/2019","5.40","5.20","5.40","5.20","959.08K","5.88%"
"10/11/2019","5.10","5.30","5.30","5.10","116.15K","-3.77%"
"10/10/2019","5.30","5.30","5.30","5.20","499.00K","1.92%"
"10/09/2019","5.20","5.20","5.20","5.10","290.94K","0.00%"
"10/08/2019","5.20","5.10","5.30","5.10","59.14K","-1.89%"
"10/07/2019","5.30","5.30","5.40","5.00","55.66K","1.92%"
"10/04/2019","5.20","5.20","5.20","5.20","","0.00%"
"10/03/2019","5.20","5.20","5.20","5.00","76.88K","0.00%"
"10/02/2019","5.20","5.20","5.20","5.20","0.00K","0.00%"
"10/01/2019","5.20","5.00","5.20","5.00","4.35K","0.00%"
"09/30/2019","5.20","5.00","5.40","4.90","219.24K","0.00%"
"09/27/2019","5.20","5.10","5.20","5.00","17.95K","1.96%"
"09/26/2019","5.10","5.20","5.20","5.10","63.83K","-1.92%"
"09/25/2019","5.20","5.40","5.40","5.20","260.07K","0.00%"
"09/24/2019","5.20","5.60","5.60","5.20","403.97K","-7.14%"
"09/23/2019","5.60","5.50","5.60","5.40","82.40K","1.82%"
"09/20/2019","5.50","5.50","5.50","5.40","65.46K","0.00%"
"09/19/2019","5.50","5.50","5.50","5.50","450.29K","1.85%"
"09/18/2019","5.40","5.40","5.50","5.40","7.30K","0.00%"
"09/17/2019","5.40","5.50","5.50","5.30","44.93K","-1.82%"
"09/16/2019","5.50","5.50","5.50","5.40","51.68K","1.85%"
"09/12/2019","5.40","5.40","5.50","5.40","138.80K","-1.82%"
"09/11/2019","5.50","5.50","5.50","5.40","430.23K","-1.79%"
"09/10/2019","5.60","5.60","5.60","5.50","116.54K","0.00%"
"09/09/2019","5.60","5.60","5.60","5.50","29.12K","0.00%"
"09/06/2019","5.60","5.50","5.60","5.50","15.90K","1.82%"
"09/05/2019","5.50","5.60","5.60","5.50","533.01K","-1.79%"
"09/04/2019","5.60","5.70","5.70","5.60","14.80K","-1.75%"
"09/03/2019","5.70","5.60","5.70","5.60","105.95K","0.00%"
"09/02/2019","5.70","5.80","5.80","5.60","17.94K","1.79%"
"08/30/2019","5.60","5.90","5.90","5.60","14.81K","-3.45%"
"08/29/2019","5.80","5.50","5.80","5.50","2.44M","1.75%"
"08/28/2019","5.70","5.50","5.80","5.50","217.47K","3.64%"
"08/27/2019","5.50","5.50","5.60","5.50","255.81K","-1.79%"
"08/26/2019","5.60","5.60","5.60","5.50","125.41K","0.00%"
"08/23/2019","5.60","5.60","5.70","5.50","22.12K","0.00%"
"08/22/2019","5.60","5.70","5.70","5.50","59.61K","0.00%"
"08/21/2019","5.60","5.70","5.80","5.50","202.15K","-1.75%"
"08/20/2019","5.70","5.70","5.70","5.70","0.21K","0.00%"
"08/19/2019","5.70","5.70","5.70","5.50","237.22K","0.00%"
"08/16/2019","5.70","5.80","5.80","5.70","136.30K","-1.72%"
"08/15/2019","5.80","6.00","6.00","5.80","235.91K","-1.69%"
"08/13/2019","5.90","6.00","6.00","5.90","496.13K","-1.67%"
"08/09/2019","6.00","5.90","6.00","5.90","121.47K","3.45%"
"08/08/2019","5.80","5.90","5.90","5.80","595.35K","-1.69%"
"08/07/2019","5.90","5.80","6.00","5.70","1.56M","0.00%"
"08/06/2019","5.90","5.90","5.90","5.70","813.51K","-1.67%"
"08/05/2019","6.00","6.00","6.00","5.90","536.26K","0.00%"
"08/02/2019","6.00","6.00","6.00","5.80","359.83K","1.69%"
"08/01/2019","5.90","6.00","6.10","5.80","509.30K","-1.67%"
"07/31/2019","6.00","6.00","6.20","6.00","845.63K","1.69%"
"07/30/2019","5.90","6.10","6.20","5.80","387.83K","-1.67%"
"07/29/2019","6.00","6.00","6.30","6.00","1.03M","0.00%"
"07/26/2019","6.00","5.90","6.00","5.70","2.10M","3.45%"
"07/25/2019","5.80","5.60","5.90","5.60","1.12M","1.75%"
"07/24/2019","5.70","5.60","5.80","5.60","1.23M","1.79%"
"07/23/2019","5.60","5.50","5.70","5.50","174.47K","0.00%"
"07/22/2019","5.60","5.60","5.70","5.50","545.99K","0.00%"
"07/19/2019","5.60","5.60","5.70","5.50","2.37M","0.00%"
"07/18/2019","5.60","5.50","5.60","5.50","2.98M","1.82%"
"07/17/2019","5.50","5.50","5.60","5.40","609.93K","0.00%"
"07/15/2019","5.50","5.50","5.50","5.40","236.75K","0.00%"
"07/12/2019","5.50","5.60","5.60","5.40","118.23K","-1.79%"
"07/11/2019","5.60","5.60","5.60","5.50","76.86K","0.00%"
"07/10/2019","5.60","5.50","5.70","5.50","790.39K","1.82%"
"07/09/2019","5.50","5.60","5.60","5.50","197.80K","0.00%"
"07/08/2019","5.50","5.50","5.60","5.50","939.66K","-1.79%"
"07/05/2019","5.60","5.60","5.60","5.40","691.55K","0.00%"
"07/04/2019","5.60","5.60","5.70","5.60","177.87K","0.00%"
"07/03/2019","5.60","5.50","5.70","5.50","468.11K","1.82%"
"07/02/2019","5.50","5.70","5.70","5.40","123.41K","-1.79%"
"07/01/2019","5.60","5.60","5.70","5.50","178.51K","-1.75%"
"06/28/2019","5.70","5.70","5.70","5.60","118.71K","1.79%"
"06/27/2019","5.60","5.30","5.70","5.30","1.83M","5.66%"
"06/26/2019","5.30","5.20","5.30","5.20","37.61K","1.92%"
"06/25/2019","5.20","5.30","5.40","5.20","48.93K","-1.89%"
"06/24/2019","5.30","5.40","5.40","5.30","79.77K","-1.85%"
"06/21/2019","5.40","5.50","5.50","5.30","1.29M","-1.82%"
"06/20/2019","5.50","5.60","5.60","5.40","755.34K","0.00%"
"06/19/2019","5.50","5.00","5.70","5.00","3.45M","10.00%"
"06/18/2019","5.00","4.90","5.10","4.90","1.66M","4.17%"
"06/17/2019","4.80","4.90","4.90","4.80","96.63K","-2.04%"
"06/14/2019","4.90","4.90","4.90","4.80","430.41K","0.00%"
"06/13/2019","4.90","5.10","5.10","4.80","1.68M","-3.92%"
"06/12/2019","5.10","4.90","5.40","4.90","3.08M","4.08%"
"06/11/2019","4.90","4.60","5.00","4.60","2.21M","6.52%"
"06/10/2019","4.60","4.30","4.70","4.30","1.25M","2.22%"
"06/07/2019","4.50","4.30","4.60","4.10","1.24M","7.14%"
"06/06/2019","4.20","4.10","4.30","4.10","191.82K","2.44%"
"06/04/2019","4.10","4.10","4.20","4.00","440.35K","2.50%"
"06/03/2019","4.00","4.10","4.10","4.00","7.17K","0.00%"
"05/31/2019","4.00","4.00","4.00","4.00","10.01K","0.00%"
"05/30/2019","4.00","4.00","4.10","4.00","6.14K","0.00%"
"05/29/2019","4.00","4.00","4.00","4.00","108.10K","0.00%"
"05/28/2019","4.00","4.00","4.10","4.00","23.93K","0.00%"
"05/27/2019","4.00","4.10","4.10","4.00","190.42K","0.00%"
"05/24/2019","4.00","4.00","4.10","4.00","5.00K","0.00%"
"05/23/2019","4.00","3.90","4.10","3.90","33.35K","0.00%"
"05/22/2019","4.00","4.00","4.10","4.00","13.83K","0.00%"
"05/21/2019","4.00","4.00","4.10","4.00","56.90K","0.00%"
"05/17/2019","4.00","4.00","4.00","4.00","42.61K","0.00%"
"05/16/2019","4.00","3.90","4.00","3.80","68.81K","2.56%"
"05/15/2019","3.90","3.90","4.00","3.90","424.86K","0.00%"
"05/14/2019","3.90","3.90","3.90","3.90","70.20K","-2.50%"
"05/13/2019","4.00","4.00","4.00","4.00","30.72K","2.56%"
"05/10/2019","3.90","3.90","4.00","3.90","5.79K","0.00%"
"05/09/2019","3.90","3.90","3.90","3.90","81.93K","-2.50%"
"05/08/2019","4.00","4.00","4.00","3.90","4.96K","0.00%"
"05/07/2019","4.00","3.90","4.00","3.90","68.66K","0.00%"
"05/06/2019","4.00","4.00","4.10","3.90","279.60K","-2.44%"
"05/03/2019","4.10","3.90","4.10","3.90","219.60K","2.50%"
"05/02/2019","4.00","4.00","4.00","4.00","242.80K","0.00%"
"04/30/2019","4.00","4.00","4.00","4.00","6.50K","0.00%"
"04/29/2019","4.00","4.00","4.10","4.00","11.85K","0.00%"
"04/26/2019","4.00","4.00","4.00","3.90","53.83K","2.56%"
"04/25/2019","3.90","3.90","4.10","3.90","51.78K","-2.50%"
"04/24/2019","4.00","3.90","4.00","3.90","115.80K","0.00%"
"04/23/2019","4.00","4.10","4.10","3.90","176.96K","-4.76%"
"04/18/2019","4.20","4.20","4.30","4.20","123.92K","0.00%"
"04/17/2019","4.20","4.20","4.30","4.20","21.68K","0.00%"
"04/16/2019","4.20","4.20","4.20","4.10","12.05K","0.00%"
"04/12/2019","4.20","4.10","4.20","4.10","54.95K","2.44%"
"04/11/2019","4.10","4.20","4.20","4.10","101.15K","0.00%"
"04/10/2019","4.10","4.20","4.20","4.10","248.32K","0.00%"
"04/09/2019","4.10","4.10","4.10","4.10","69.50K","0.00%"
"04/08/2019","4.10","4.20","4.20","4.00","6.40K","0.00%"
"04/05/2019","4.10","4.10","4.20","4.10","70.72K","-2.38%"
"04/04/2019","4.20","4.10","4.20","4.10","9.09K","2.44%"
"04/03/2019","4.10","4.10","4.20","4.00","9.55K","2.50%"
"04/02/2019","4.00","4.00","4.10","4.00","0.98K","0.00%"
"04/01/2019","4.00","4.10","4.20","4.00","45.70K","0.00%"
"03/29/2019","4.00","4.00","4.10","4.00","102.79K","0.00%"
"03/28/2019","4.00","4.00","4.10","4.00","311.81K","0.00%"
"03/27/2019","4.00","4.10","4.10","4.00","15.85K","0.00%"
"03/26/2019","4.00","4.00","4.10","4.00","106.76K","0.00%"
"03/25/2019","4.00","4.00","4.00","4.00","3.08K","-2.44%"
"03/22/2019","4.10","4.00","4.10","4.00","53.00K","0.00%"
"03/21/2019","4.10","4.10","4.10","4.00","15.59K","0.00%"
"03/19/2019","4.10","4.10","4.10","4.00","141.40K","2.50%"
"03/18/2019","4.00","4.10","4.10","4.00","19.37K","0.00%"
"03/15/2019","4.00","4.00","4.10","4.00","109.17K","-2.44%"
"03/14/2019","4.10","4.00","4.10","4.00","1.11M","0.00%"
"03/13/2019","4.10","4.20","4.20","4.10","118.48K","0.00%"
"03/12/2019","4.10","4.10","4.20","4.10","135.69K","0.00%"
"03/11/2019","4.10","4.10","4.20","4.10","304.20K","-2.38%"
"03/08/2019","4.20","4.10","4.20","4.10","878.50K","0.00%"
"03/07/2019","4.20","4.20","4.30","4.10","7.41K","2.44%"
"03/06/2019","4.10","4.20","4.30","4.10","227.74K","0.00%"
"03/05/2019","4.10","4.20","4.30","4.10","156.80K","-2.38%"
"03/01/2019","4.20","4.30","4.30","4.20","9.16K","0.00%"
"02/28/2019","4.20","4.30","4.30","4.10","66.71K","0.00%"
"02/27/2019","4.20","4.10","4.30","4.10","87.14K","0.00%"
"02/26/2019","4.20","4.10","4.20","4.10","47.56K","2.44%"
"02/25/2019","4.10","4.20","4.20","4.10","61.79K","-2.38%"
"02/22/2019","4.20","4.20","4.20","4.10","18.68K","2.44%"
"02/21/2019","4.10","4.30","4.30","4.10","387.53K","-2.38%"
"02/20/2019","4.20","4.30","4.30","4.20","46.20K","-2.33%"
"02/18/2019","4.30","4.30","4.30","4.20","722.38K","2.38%"
"02/15/2019","4.20","4.20","4.30","4.20","41.89K","-2.33%"
"02/14/2019","4.30","4.40","4.40","4.20","65.18K","0.00%"
"02/13/2019","4.30","4.30","4.40","4.30","547.46K","0.00%"
"02/12/2019","4.30","4.30","4.40","4.20","1.38M","0.00%"
"02/11/2019","4.30","4.40","4.40","4.30","722.79K","-2.27%"
"02/08/2019","4.40","4.20","4.50","4.20","2.70M","7.32%"
"02/07/2019","4.10","4.10","4.10","4.10","31.00K","2.50%"
"02/06/2019","4.00","4.10","4.20","4.00","31.72K","-4.76%"
"02/05/2019","4.20","4.10","4.20","4.00","6.69K","2.44%"
"02/01/2019","4.10","4.10","4.20","4.10","27.25K","2.50%"
"01/31/2019","4.00","4.10","4.10","4.00","103.57K","-2.44%"
"01/30/2019","4.10","4.20","4.20","4.10","120.03K","0.00%"
"01/29/2019","4.10","4.20","4.20","4.10","388.95K","0.00%"
"01/28/2019","4.10","4.10","4.20","4.10","655.44K","0.00%"